key,kind,source,id,author,license,page_url,width,height,file
HERO,video,pexels,33780461,"Christian Wasserfallen","Pexels License",https://www.pexels.com/video/swiss-and-eu-flags-in-historic-hall-33780461/,3840,2160,HERO.mp4
HERO,img,commons,15465435,"Basil D Soufi","CC BY-SA 3.0",https://commons.wikimedia.org/wiki/File:United_Nations_General_Assembly_Hall_(3).jpg,3840,2560,HERO.jpg
SIDE02,video,pexels,32067532,"Dominik Zítka","Pexels License",https://www.pexels.com/video/barbed-wire-fence-with-tree-background-32067532/,3840,2160,SIDE02.mp4
SIDE02,img,commons,99430016,"Christophe95","CC BY-SA 4.0",https://commons.wikimedia.org/wiki/File:Monument_in_Panmunjom.jpg,3840,2880,SIDE02.jpg
SIDE03,video,pexels,12901666,"K","Pexels License",https://www.pexels.com/video/clouds-over-city-12901666/,3840,2160,SIDE03.mp4
SIDE03,img,commons,78733165,"Drkgk","CC0",https://commons.wikimedia.org/wiki/File:Patio_Central_en_Palacio_Nacional_Mexico_2019.jpg,3840,2770,SIDE03.jpg
NEWS04,video,pexels,38656963,"Rafael Minguet Delgado","Pexels License",https://www.pexels.com/video/analyzing-financial-data-on-multiscreen-setup-38656963/,3840,2160,NEWS04.mp4
NEWS04,img,commons,62900966,"Arild Vågen","CC BY-SA 4.0",https://commons.wikimedia.org/wiki/File:New_York_Stock_Exchange_August_2017_02.jpg,3840,2564,NEWS04.jpg
NEWS05,video,pexels,20006085,"Jesse Hunter","Pexels License",https://www.pexels.com/video/lookouts-baseball-stadium-by-the-highway-20006085/,3840,2160,NEWS05.mp4
NEWS05,img,commons,52625891,"Degueulasse","CC BY 3.0",https://commons.wikimedia.org/wiki/File:Naraden_Stadium_%EF%BC%88K%C5%8Dnoike_Baseball_Stadium%EF%BC%89.jpg,3840,2563,NEWS05.jpg
NEWS06,video,pexels,34431115,"K","Pexels License",https://www.pexels.com/video/aerial-view-of-budapest-parliament-on-danube-river-34431115/,3840,2160,NEWS06.mp4
NEWS06,img,commons,134759818,"Cjb8293","CC BY-SA 4.0",https://commons.wikimedia.org/wiki/File:Republic_of_Korea_capitol.jpg,3840,2160,NEWS06.jpg
NEWS07,video,pexels,4030688,"K","Pexels License",https://www.pexels.com/video/drone-footage-of-green-trees-and-vehicles-on-the-road-4030688/,3840,2160,NEWS07.mp4
NEWS07,img,commons,104990739,"Trainholic","CC BY-SA 4.0",https://commons.wikimedia.org/wiki/File:Gyeongbu_Express_Way.jpg,3840,2560,NEWS07.jpg
NEWS08,video,pexels,17418853,"Bubble Media","Pexels License",https://www.pexels.com/video/a-fire-truck-is-parked-on-the-side-of-the-road-17418853/,3840,2160,NEWS08.mp4
NEWS08,img,commons,153714724,"LoMit","CC BY 4.0",https://commons.wikimedia.org/wiki/File:MAN_TGM_fire_engine_at_night,_Warsaw,_Poland.jpg,3840,2560,NEWS08.jpg
NEWS09,video,pexels,3579494,"Tom Fisk","Pexels License",https://www.pexels.com/video/a-dark-clouds-over-shadowing-the-full-moon-3579494/,3840,2160,NEWS09.mp4
NEWS09,img,commons,120617277,"Giles Laurent","CC BY-SA 4.0",https://commons.wikimedia.org/wiki/File:042_Full_Moon_rising_behind_Chasseral_during_sunset_Photo_by_Giles_Laurent.jpg,3840,2560,NEWS09.jpg
NEWS10,video,pexels,3134589,"Caleb Oquendo","Pexels License",https://www.pexels.com/video/panning-footage-of-rows-of-red-vinyl-chairs-along-the-aisle-stairs-of-a-movie-theater-3134589/,3840,2160,NEWS10.mp4
NEWS10,img,commons,80901409,"Rodhullandemu","CC BY-SA 4.0",https://commons.wikimedia.org/wiki/File:Commodore_Cinema,_Stanley_Road.jpg,3840,2363,NEWS10.jpg
ISSUE01,video,pexels,13244336,"K","Pexels License",https://www.pexels.com/video/people-entrering-airplane-13244336/,3840,2160,ISSUE01.mp4
ISSUE01,img,commons,154259233,"Sgroey","CC BY-SA 4.0",https://commons.wikimedia.org/wiki/File:Incheon_airport_arrivals_queue.jpg,3840,2880,ISSUE01.jpg
ISSUE02,video,pexels,12174927,"Cam Sykes","Pexels License",https://www.pexels.com/video/national-flags-of-different-countries-waving-on-poles-12174927/,3840,2160,ISSUE02.mp4
ISSUE02,img,commons,48100878,"Jeon Han  Government of the Republic of Korea","CC BY-SA 2.0",https://commons.wikimedia.org/wiki/File:The_flag_of_Republic_of_Korea_Government_in_Republic_of_Korea_Government_Flag_Hoisting_Ceremony.jpg,3840,2075,ISSUE02.jpg
ISSUE03,video,pexels,36026534,"willy one","Pexels License",https://www.pexels.com/video/aerial-view-of-busy-shipping-port-in-germany-36026534/,3840,2160,ISSUE03.mp4
ISSUE03,img,commons,36416350,"Smiley.toerist","CC BY-SA 4.0",https://commons.wikimedia.org/wiki/File:Haven_Busan_(10).JPG,3840,2880,ISSUE03.jpg
ISSUE04,video,pexels,32386530,"Usman AbdulrasheedGambo","Pexels License",https://www.pexels.com/video/modern-semiconductor-manufacturing-facility-32386530/,3840,2160,ISSUE04.mp4
ISSUE04,img,commons,199553212,"Aileen Devlin/Jefferson Lab from Newport News  USA","Public domain",https://commons.wikimedia.org/wiki/File:Semiconductor_clean_room.jpg,3840,2575,ISSUE04.jpg
ISSUE05,video,pexels,28928755,"Richard Multimedia","Pexels License",https://www.pexels.com/video/nighttime-highway-drive-with-streetlights-28928755/,3840,2160,ISSUE05.mp4
ISSUE05,img,commons,47736717,"DeFacto","CC BY-SA 4.0",https://commons.wikimedia.org/wiki/File:Austin_18_Six_Cylinder_Ambulance_1938.jpg,3840,2738,ISSUE05.jpg
TRADITION,video,pexels,7615707,"Kindel Media","Pexels License",https://www.pexels.com/video/a-video-of-lunar-eclipse-7615707/,3840,2160,TRADITION.mp4
TRADITION,img,commons,31712042,"Korea.net / Korean Culture and Information Service (Jeon Han)","CC BY-SA 2.0",https://commons.wikimedia.org/wiki/File:KOCIS_Korea_Namsan_Ganggangsulae_09_(9771197415).jpg,3840,2376,TRADITION.jpg
FACTCHECK,video,pexels,28180439,"Maczkó Gábor","Pexels License",https://www.pexels.com/video/the-milky-way-over-the-city-of-person-28180439/,3840,2160,FACTCHECK.mp4
FACTCHECK,img,commons,94261215,"Basile Morin","CC BY-SA 4.0",https://commons.wikimedia.org/wiki/File:Full_moon_in_the_evening_in_the_dry_paddy_fields_of_Don_Det_Laos.jpg,3840,2560,FACTCHECK.jpg
HISTORYTODAY,video,pexels,32336445,"Pachon in Motion","Pexels License",https://www.pexels.com/video/futuristic-interactive-art-installation-32336445/,3840,2160,HISTORYTODAY.mp4
HISTORYTODAY,img,commons,152691336,"Sims  Gregory","Public domain",https://commons.wikimedia.org/wiki/File:Surveillance_radar_antenna_DR-1_of_BMEWS_site_at_Clear_Air_Force_Station,_Alaska_(photo_HAER_AK-30-A-11).jpg,3840,2948,HISTORYTODAY.jpg
HIDDEN,video,pexels,9355872,"거열 박","Pexels License",https://www.pexels.com/video/woman-walking-on-the-street-9355872/,3840,2160,HIDDEN.mp4
HIDDEN,img,commons,108025289,"Cultural Heritage Administration","KOGL Type 1",https://commons.wikimedia.org/wiki/File:Jeongjeon,_Jongmyo_(Summer,_2013).jpg,3840,2043,HIDDEN.jpg
SPOTLIGHT,video,pexels,6573047,"Tima Miroshnichenko","Pexels License",https://www.pexels.com/video/a-little-girl-balancing-at-the-beam-6573047/,3840,2160,SPOTLIGHT.mp4
SPOTLIGHT,img,commons,50586072,"Fernando Frazão/Agência Brasil","CC BY 2.0",https://commons.wikimedia.org/wiki/File:ESTADOS_UNIDOS_LEVAM_OURO_NA_GIN%C3%81STICA_FEMININA_POR_EQUIPES_DOS_JOGOS_OL%C3%8DMPICOS_RIO_2016_(28849586476).jpg,3840,2560,SPOTLIGHT.jpg
WORLD1,video,pexels,7507758,"Moe Magners","Pexels License",https://www.pexels.com/video/people-having-a-discussion-at-a-meeting-7507758/,3840,2160,WORLD1.mp4
WORLD1,img,commons,37137962,"Wadiia","CC BY-SA 4.0",https://commons.wikimedia.org/wiki/File:Abu_dhabi_skylines_2014.jpg,3840,2108,WORLD1.jpg
WORLD2,video,pexels,37186126,"FD Visualzz","Pexels License",https://www.pexels.com/video/large-cargo-ship-navigating-the-ocean-waves-37186126/,3840,2160,WORLD2.mp4
WORLD2,img,commons,160068119,"U.S. Navy photo by Petty Officer 3rd Class Janae Chambers","Public domain",https://commons.wikimedia.org/wiki/File:The_Eisenhower_Carrier_Strike_Group_Transits_the_Strait_of_Hormuz_(8170044).jpg,3840,2560,WORLD2.jpg
WORLD3,video,pexels,37493550,"Joseph Eulo","Pexels License",https://www.pexels.com/video/dazzling-aerial-view-of-manhattan-skyline-37493550/,3840,2160,WORLD3.mp4
WORLD3,img,commons,30454359,"Dietmar Rabich","CC BY-SA 4.0",https://commons.wikimedia.org/wiki/File:New_York_City_(New_York,_USA),_Wall_Street_--_2012_--_6614.jpg,3840,2984,WORLD3.jpg
WORLD4,video,pexels,15187012,"Cyriac von Czapiewski","Pexels License",https://www.pexels.com/video/containers-on-a-cargo-ship-at-port-15187012/,3840,2160,WORLD4.mp4
WORLD4,img,commons,13681433,"Muhammad Mahdi Karim","GFDL 1.2",https://commons.wikimedia.org/wiki/File:Container_Ship.jpg,3840,2227,WORLD4.jpg
WORLD5,video,pexels,7140928,"MrColo","Pexels License",https://www.pexels.com/video/close-up-of-a-cpu-7140928/,3840,2160,WORLD5.mp4
WORLD5,img,commons,178932171,"Rsparks3","CC0",https://commons.wikimedia.org/wiki/File:Data_center_roof.jpg,3840,2880,WORLD5.jpg
WORLD6,video,pexels,3845364,"K","Pexels License",https://www.pexels.com/video/aerial-shot-of-a-landscape-3845364/,3840,2160,WORLD6.mp4
WORLD6,img,commons,24380353,"Indrik myneur","CC BY 2.0",https://commons.wikimedia.org/wiki/File:Simien_mountains_2.jpg,3840,2560,WORLD6.jpg
CTA,video,pexels,34432727,"Jakub Zerdzicki","Pexels License",https://www.pexels.com/video/breathtaking-urban-sunrise-timelapse-view-34432727/,3840,2160,CTA.mp4
CTA,img,commons,112335436,"Matthew T Rader","CC BY-SA 4.0",https://commons.wikimedia.org/wiki/File:Seoul,_South_Korea_skyline_with_Building_63,_2001.jpg,3840,2577,CTA.jpg
